companyid,headline,mostimportantdateutc,keydeveventtypeid,keydeveventtypename,companyname,audiolengthsec,transcriptid,transcriptcomponentid,transcriptcomponenttypename,transcriptpersonname,companyofperson,speakertypename,componentorder,componenttext,word_count
266017.0,"Dell Technologies Inc., Q3 2017 Earnings Call, Dec 08, 2016",2016-12-08,48.0,Earnings Calls,Dell Technologies Inc.,3433.0,1100026.0,45824636.0,Presentation Operator Message,Operator,,Operator,0,"Good morning, and welcome to the Third Quarter Fiscal Year 2017 Earnings Conference Call for Dell Technologies Inc. I'd like to inform all participants this call is being recorded at the request of Dell Technologies. This broadcast is the copyrighted property of Dell Technologies Inc. Any rebroadcast of this information, in whole or in part, without the prior written permission of Dell Technologies is prohibited. 
As a reminder, the company is also simulcasting this call at investors.delltechnologies.com. A replay of this webcast will be available at the same location. [Operator Instructions] 
I'd like to turn the call over to Rob Williams, Senior Vice President of Investor Relations. Mr. Williams, you may begin.",112
266017.0,"Dell Technologies Inc., Q3 2017 Earnings Call, Dec 08, 2016",2016-12-08,48.0,Earnings Calls,Dell Technologies Inc.,3433.0,1100026.0,45824637.0,Presenter Speech,Robert Williams,,Executives,1,"Thanks, Regina. Good morning, and thanks for joining us. With me today is our Chief Financial Officer, Tom Sweet; our President of Infrastructure Solutions Group, David Goulden; and joining us from Europe is our Treasurer, Tyler Johnson. 
We posted our third quarter press release and web deck on our website at investors.delltechnologies.com, and Q3 financial results will be filed on Form 10-Q on Friday, December 9. I encourage you to review these documents for additional perspective. 
I'd like to highlight key changes to our financial statements due to the recent merger with EMC and the announced divestitures. On September 7, we completed the EMC transaction, combining the 2 companies. The consolidated results of Dell Technologies' fiscal third quarter include 52 days of EMC and VMware's results. Going forward, we will report EMC and VMware on Dell Technologies' fiscal year. The stand-alone results of VMware will continue to be publicly reported on a calendar year-end basis through December 31, 2016. Thereafter, VMware will publicly report on the basis of Dell Technologies' fiscal year, which starts on February 4, 2017. 
On October 31, we closed the Dell Software Group transaction and received approximately $2.4 billion. On November 2, we closed the Dell Services transaction and received consideration of approximately $3 billion. And on September 12, we entered into a definitive agreement to divest the Dell EMC Enterprise Content Division, or ECD, for $1.6 billion. Subject to regulatory approval, we continue to expect the transaction to close before the end of our current fiscal year. 
Accordingly, for Q3, the results of Dell Services, Dell Software Group and ECD were presented on a discontinued operations basis. As assets and liabilities of these businesses were reclassified into the held-for-sale asset and liability categories on the balance sheet and on the income statement, the financial results of these businesses were reclassified out of the activity from continuing operations and listed separately in the category for discontinued operations. For more information, please refer to our SEC filings. 
In addition, our Q3 non-GAAP operating income excludes $3.5 billion of adjustments. The majority of these are noncash and relate to purchase accounting and amortization of intangible assets. Please note that Dell -- that due to the Dell go-private transaction as well as the EMC transaction, there will continue to be significant bridging items between our GAAP and non-GAAP results for the next few years although the impact will decline in each subsequent quarter. 
Please see Slide 3 in the web deck for additional detail on the noncash adjustment and the supplemental slides beginning on Slide 18 as well as our SEC filings for more details on our total non-GAAP adjustments. 
And if that's not enough to keep track of, please note that our historical financials do not include EMC historical results, and unless otherwise specified, all growth percentages refer to fiscal year-over-year change, which is compared to Dell prior year results. 
During this call, we will generally refer to non-GAAP financial measures including non-GAAP revenue, gross margin, operating expenses, operating income, net income, EBITDA and adjusted EBITDA on a continuing operations basis. A reconciliation of each of these measures to its most directly comparable GAAP measure can be found on Form 10-Q and in the supplemental material of our web deck. 
Finally, I'd like to remind you that all statements made during this call that relate to future results and events are forward-looking statements based on current expectations. Actual results and events could differ materially from those projected due to a number of risks and uncertainties, which are discussed in the cautionary statement of our web deck. 
We assume no obligation to update our forward-looking statements. 
Now I'll turn it over to Tom.",614
266017.0,"Dell Technologies Inc., Q3 2017 Earnings Call, Dec 08, 2016",2016-12-08,48.0,Earnings Calls,Dell Technologies Inc.,3433.0,1100026.0,45824638.0,Presenter Speech,Thomas Sweet,,Executives,2,"Thanks, Rob. First, I'll cover the consolidated financial results for the third quarter and Tyler will share our cash and liquidity performance. David will then provide details on our Infrastructure Solutions Group or ISG business before I cover the results of our Client Solutions Group or our CSG business. 
This is our first quarter reporting combined company results. Our GAAP revenue in the third quarter was $16.2 billion, with a GAAP operating loss of $1.5 billion. As Rob mentioned, our GAAP results were significantly impacted by purchase accounting and transaction costs. 
Switching to non-GAAP, revenue in the third quarter was $16.8 billion. While consolidated year-over-year compares are not meaningful, top line results were driven by a 3% increase in CSG, which outgrew the industry in both consumer and commercial PCs. 
Our ISG business was mixed as strength in our emerging solutions including all-flash arrays, hyper-converged systems, scale-out NAS and software-defined storage was offset by pressure in traditional external storage and softness in certain areas of servers. 
Gross margin was $5.3 billion or 31.7% of revenue. Gross margin was impacted by an incremental $2.7 billion from the acquired businesses, which have a combined gross margin of over 60%, an $80 million vendor settlement and a richer product mix in CSG. 
OpEx was $3.3 billion or 20% of revenue as we continued to execute on our cost initiatives while balancing spend across sales, marketing and R&D. 
Operating income was $2 billion or 11.8% of revenue. 
Our near-term priorities are straightforward: successfully integrate our sales force and channel partner programs, seize top line synergies through cross-sell opportunities and focus on our ongoing business and cost activities. Executing against these priorities supports our delevering effort where we have already reduced our debt by $5.8 billion post deal close. 
Now let me turn it over to Tyler to go into more detail on our capital structure.",311
266017.0,"Dell Technologies Inc., Q3 2017 Earnings Call, Dec 08, 2016",2016-12-08,48.0,Earnings Calls,Dell Technologies Inc.,3433.0,1100026.0,45824639.0,Presenter Speech,Tyler Johnson,,Executives,3,"Thanks, Tom. Cash flow generation and ending cash balances for Q3 were consistent with our expectations and follows strong cash flow performance for Dell and EMC in the prior quarter. 
Adjusted EBITDA was $2.2 billion and as a percent of revenue was 13.3%. The increase in our adjusted EBITDA was primarily driven by the impact of the EMC acquired businesses. Please see Slide 18 in the web deck for more details on our EBITDA adjustments. 
In Q3, we had a use of cash from operations of approximately $270 million including discontinued ops. This number includes approximately $1.3 billion of transaction and integration costs. 
Cash flow was also impacted by seasonal swings in working capital following outperformance in Q2. For additional information, please see Slide 19 in the web deck for more details on our non-GAAP adjustments. 
Our cash and investments balance ended Q3 at $15 billion after taking into account the necessary debt-related inflows and corresponding outflows required to fund the EMC transaction. As stated on the Q2 earnings call, our Q3 debt balances grew substantially in advance of closing the EMC transaction. 
We finished the quarter with $56.8 billion in principal debt, including $50.5 billion in core debt. The remainder included approximately $5 billion of debt which funds our global Financial Services business and the $1.5 billion VMware bridge facility backed by a legacy intercompany note due to Dell Technologies from VMware. 
During the quarter, we made a $500 million optional repayment of our revolver. Subsequent to the end of the quarter, we received total cash proceeds of $5.4 billion from the previously announced divestitures of Dell Services and Software businesses. Netting for expected taxes, transaction fees and payments received outside of the U.S., we applied the net proceeds to settle $4.3 billion of debt, which included $2.2 billion to repay the asset sale bridge facility and $2.1 billion to repay a portion of the term loan A1 facility as required per our debt agreement. In addition, given our ending cash balances, we made an optional repayment of an incremental $1 billion of the revolver. These debt repayments result in a $200 million reduction in annualized interest expense on a run rate basis. 
Last quarter, we announced that our board had authorized a Class V Common Stock repurchase program for up to $1 billion over 2 years. During the third quarter, we repurchased $165 million of Class V Common shares, and as of December 8, we were up to $324 million in total repurchase, which is approximately 7 million shares at an average price of $48.58. 
We are taking a disciplined approach to share repurchases, conservatively sizing the program to stay in line with our capital allocation strategy. We will continue to evaluate repurchase opportunities over the remaining life of the board authorization. 
Similarly, we will remain balanced in our capital allocation strategy and focus on our plan to delever the balance sheet through profitable growth and strong cash flow generation. 
Let me turn it over to David.",499
266017.0,"Dell Technologies Inc., Q3 2017 Earnings Call, Dec 08, 2016",2016-12-08,48.0,Earnings Calls,Dell Technologies Inc.,3433.0,1100026.0,45824640.0,Presenter Speech,David Goulden,,Executives,4,"Thanks, Tyler. I will cover the results of our Infrastructure Solutions Group, which consist of the legacy EMC Information Infrastructure business and the legacy Dell Enterprise Solutions Group, which is now branded externally as Dell EMC. 
The IT spending environment is undergoing a big transition as customers continue to be challenged by the need to optimize infrastructure for traditional applications and build new infrastructure for cloud native applications. And with a wide variety of workloads, both on and off premises and in private and public clouds, most customers will operate in a hybrid and a multi-cloud world. We believe the deployment of infrastructure in this multi-cloud environment will continue to move towards all-flash and converged solutions, which brings servers and storage together. 
With this industry dynamic as our backdrop, Dell EMC is well positioned to help customers in their digital transformation. Our unparalleled solution set spans a full stack of cloud building blocks that include our leading server and storage product families, our pre-engineered converged and hyper-converged portfolio and our enterprise and native hybrid clouds, which include technology from VMware and Pivotal. 
Before we get into more detail in these categories, let me provide an overview of our consolidated ISG results. The Q3 overall ISG revenue was approximately $6 billion, with operating income of $897 million or 15% of revenue. Our Server and Networking revenues of $2.9 billion declined 8%. We saw softness in our hyper-scale service business, where demand is lumpy and we maintain a selective deal process. 
Additionally, we saw some weakness in our mainstream PowerEdge business due to evolving buying patterns and back-end-loaded demand. We remain focused on our server business model to ensure we have the right offerings at the right cost points to match customers' buying trends. 
Our Storage revenue of $3.1 billion was up substantially due to the impact of the EMC transaction. Within Storage, the legacy EMC business experienced some softness due to, first, activity related to the close of the transaction and the integration process; and second, the transition from stand-alone hybrid arrays towards converged and all-flash, which we are driving with our new offerings and declaration of 2016 as the year of all-flash for primary storage. 
On a calendar basis, Q3 demand for our all-flash portfolio grew very high double digits, and at a nearly $2.5 billion run rate, it's more than 2x the size of our closest competitor. We continue to introduce new all-flash products across our portfolio to extend our lead. 
Our new VMAX All Flash 250F, which starts at $100,000 in a 10U system, extends enterprise class functionality to a new set of customers. Our new Unity All-Flash solution, which starts at less than $18,000, deliver substantial gains in storage efficiency, capacity and value with the ability to scale up to 384 terabytes in a 2U footprint. 
We also introduced an all-flash version of Isilon scale-out NAS, which delivers significant storage density and performance for next-gen unstructured data workloads. 
And finally, we announced that XtremIO amassed more than 3,000 customers and $3 billion in cumulative revenue in less than 3 years.
Turning to our leading converged and hyper-converged portfolio of blocks, racks and appliances, the strong momentum in VxRail continued in Q3 as we've now received orders for more than 3,700 nodes from customers in over 60 countries since launch in February of this year. This is before the introduction of version 4.0 and the integration with PowerEdge servers. The new VxRail appliance with PowerEdge servers increase hardware flexibility and offer a more granular scalability with more configurations, a 25% lower entry price and offer 2x more storage in all-flash nodes. 
Our XC hyper-converged business also performed very well, growing triple digits. In the mid-market, our SC Series gained share. During the quarter, we announced that our SC arrays are now interoperable with legacy EMC's leading portfolio of storage management, mobility and data protection solutions. The updates to our SC and VxRail solutions are perfect examples of the integration between Dell and EMC technologies in a short period of time. 
Lastly, calendar Q3 demand for our Enterprise Hybrid Cloud solution grew triple digits to a nearly $0.5 billion run rate. These solutions are something only we can deliver as they span 14 different products across the Dell technology portfolio. 
In addition to the exciting new products, we've also introduced new, flexible, open-scale payment options and expanded our services capability with more than 60,000 service professionals and partners in order to provide the best experience for our customers. 
Looking ahead, our customers remain our top priority. We're committed to supporting and enhancing all of our major product platforms and serving our customers' most critical IT needs. 
I'd like to thank the Dell and EMC teams for their hard work and focus as we bring the 2 companies together. We have more work to do, but I'm personally very excited about the opportunities that lie ahead for Dell EMC. 
Let me turn it over to Tom, who will walk you through the CSG business unit results.",836
266017.0,"Dell Technologies Inc., Q3 2017 Earnings Call, Dec 08, 2016",2016-12-08,48.0,Earnings Calls,Dell Technologies Inc.,3433.0,1100026.0,45824641.0,Presenter Speech,Thomas Sweet,,Executives,5,"Thanks, David. Let's move to the Client business. The overall market was slightly better than expected for calendar Q3. According to IDC, worldwide PC unit shipments declined by 4.6%, an improvement from their forecast of negative 7.1%. 
For the calendar quarter, Dell outperformed the worldwide market and grew the fastest among the top 3 vendors according to IDC. This is the 15th consecutive quarter of year-over-year unit share gains as we gained 160 basis points of PC unit share. 
For fiscal Q3, CSG had a strong quarter with revenue of $9.2 billion, up 3%. The revenue growth rate was the highest we've seen in 8 quarters, driven by continued strength in Consumer, which grew 12%. 
While Commercial was down 1%, we've seen a steady improvement over the past 3 quarters with solid share gain. 
Operating income was $634 million, up 65% to 6.9% of revenue. The improvement was primarily driven by a favorable cost environment, a richer product mix of premium notebooks and workstations and approximately $80 million from CSG's portion of the aforementioned vendor settlement. 
Consistent with last quarter, we saw strong performance across both Consumer and Commercial high-end notebooks, which includes XPS, Alienware, Mobile Workstations and Latitude. We continue to receive strong reviews and are seeing great momentum with our updated Latitude portfolio. This includes our thinnest and lightest business-class notebooks and our recently launched Latitude 2-in-1 option. 
We were also pleased with the performance of the Workstation business. Our focus on this business is driving solid results with the latest IDC data for Workstations showing Dell in a 2-way tie for #1 worldwide unit share while we remain #1 worldwide in unit share for Mobile Workstations. 
Attached services revenue grew in the quarter, primarily driven by a mix of higher premium products, which tend to have a higher attach rate and service revenue per unit. 
We were pleased with CSG's performance this quarter, but acknowledge that there are areas where we can improve velocity, particularly in commercial desktops where we are focusing on marketing, promotions and sales enablement activities, new customer conversion and emerging form factors. For example, we continue to see strong momentum in our Dell OptiPlex Micro and All in One form factors. 
We are focused on creating revenue synergies and offering solutions that leverage innovation across the company. We have had a long-standing relationship with VMware for VDI solutions, and we are excited about the additional cross-sell opportunities. 
At Dell EMC World, we unveiled our Endpoint Data Security and Management portfolio, encompassing solutions from AirWatch, RSA and Mozy. 
With our broad and award-winning portfolio of solutions, we are positioned to expand our customer base, continue to gain share and generate strong cash flow. 
Now shifting to the VMware segment and our other businesses. We were pleased with the results of VMware, which -- with revenue of $1.3 billion and operating income of $548 million or 42.5% of revenue for the 52-day period. We are already seeing synergies from this part of the business through our partnership in selling VxRail and in broader distribution of vSphere. 
In addition to VMware, revenue from other businesses, which include SecureWorks, RSA, Pivotal and Boomi, was $312 million. Within this group, SecureWorks publicly reported their Q3 earnings yesterday. SecureWorks revenue was $107 million, up 21%. 
Pivotal continued its momentum in the third quarter, adding key customers across the automotive, financial services, insurance, retail and telecommunications industries. In addition to its existing relationship with AWS, Pivotal Cloud Foundry recently announced expanded technical and go-to-market partnerships with Google Cloud platform and Microsoft Azure. 
In closing, given industry demand dynamics and the transaction close early in September, we had a solid quarter with good performance in our CSG and VMware segments and a bit of mixed results in our ISG business. We need to work our way through the integration and stay focused on our customers in the coming quarters. 
Our vision has become the essential infrastructure company from the edge of the data center to the cloud, not only for today's applications, but for the cloud native world we're entering. Going forward, we must successfully execute against 3 related strategic initiatives: first, extend our market-leading position in Client Solutions and IT infrastructure for traditional workloads, both on- and off-prem; second, grow our strong position in IT infrastructure for cloud native workloads, both on- and off-premise; and third, innovate with winning technology that stands and unites our on- and off-premise applications and infrastructure. 
In addition, we are on track with a broad set of integration activities, but there is more work to be done. We will consolidate our sales force and channel programs starting in FY '18. 
We will continue to drive against the cost and revenue synergies we've identified, and we will continue to provide great solutions and services to our customers. 
Wrapping this up. Given the complexity of this integration, there may be some short-term disruption as we integrate our go-to-market activities. However, we are focused on minimizing the impact to our customers. We have a talented team, a strategy we believe in and a portfolio of solutions that can help our customers address IT challenges now and into the future. 
Now I'll turn it back to Rob to begin Q&A.",871
266017.0,"Dell Technologies Inc., Q3 2017 Earnings Call, Dec 08, 2016",2016-12-08,48.0,Earnings Calls,Dell Technologies Inc.,3433.0,1100026.0,45824642.0,Presenter Speech,Robert Williams,,Executives,6,"Thanks, Tom. Let's get to Q&A. [Operator Instructions] Regina, can you introduce the first participant?",15
266017.0,"Dell Technologies Inc., Q3 2017 Earnings Call, Dec 08, 2016",2016-12-08,48.0,Earnings Calls,Dell Technologies Inc.,3433.0,1100026.0,45824643.0,Question and Answer Operator Message,Operator,,Operator,7,We'll take our first question from the line of Thomas Egan with JPMorgan.,14
266017.0,"Dell Technologies Inc., Q3 2017 Earnings Call, Dec 08, 2016",2016-12-08,48.0,Earnings Calls,Dell Technologies Inc.,3433.0,1100026.0,45824644.0,Question,Thomas Egan,,Analysts,8,"I have two. The first is, Tom, you talked about the consumer products doing pretty well this quarter in the CSG side, and it was good last quarter and the quarter before that. It seems to be one of the things that's holding up that side of the business. But on the legacy business, desktop, it feels like that's been a drag for the last couple of quarters, and you laid out a couple things that you're going to do to try to make that better. But I was wondering is it a drag for -- is it your sense that it's a drag for Dell because of what you've been doing to sell that product? Or is it a drag in general on the industry and Dell's actually doing better than other folks on that side?",137
266017.0,"Dell Technologies Inc., Q3 2017 Earnings Call, Dec 08, 2016",2016-12-08,48.0,Earnings Calls,Dell Technologies Inc.,3433.0,1100026.0,45824645.0,Answer,Thomas Sweet,,Executives,9,"Tom, thanks for the question, and look, it's a fair question, and we have highlighted over the last couple of quarters, quite frankly, our displeasure with our performance in the desktop space, particularly on the Commercial side. So look, the desktop form factor, as a general category, is growing slower than the Mobility platforms. And so I was very happy with the growth I saw in our Mobility platforms and our notebook form factors and we had strong growth in our commercial notebooks, particularly the Latitude line with -- I think with some unit growth of over 10%. The OptiPlex form factor has not -- has performed, quite frankly, below -- from a desktop perspective, has performed below the IDC sort of growth rates that have been -- that we've talked about over the last couple of quarters. So a couple of factors there. One, I, quite frankly, think that we have won a pretty strong position in desktops overall and so we have a relatively large share position in that so -- and so that does create some -- a little bit of headwinds relative to growth trajectories. I do think that we focused our sales organization more on Mobility of late as customers have generally been more interested in that form factor, and as a result, I think we -- and I think the IDC data would show it, that we've underperformed the market a little bit on commercial desktop. And that's an important category for us. It has good profit characteristics, and so we have been focused over the last couple of quarters on how do we turn that trajectory around. And so what you've heard me talk about was, one, is making sure that we have the right appropriate mind share with the sales organization; second, making sure that we had the right form factors and the right price points and we're offering those form factors that are emerging and are of interest to customers, which is the Micro form factor and the All in Ones, and we are seeing good growth rates in those. So I think over the long run, Tom, we'll be fine here. We do have work to do, I don't want to downplay that, but it's an area that as we go assess our performance in the CSG business, which had a really good quarter, it's a spot and it's an underperformance that we need to go fix. I would tell you that I think IDC says that commercial desktops return to growth in 2018 -- to flat growth, I should say, in 2018. So we'll have to see how that market evolves over time. So look, it's a fair question. There is work to do. I try to be transparent with you guys in terms of how we're thinking about these things. From a Consumer -- just to touch on that Consumer comment real quick, we had been very happy with our Consumer performance, particularly around the globe. As you know, we have a separate selling organization, our consumer and small business sales organization that is primarily focused on that. They've done a nice job of executing in that space. We've seen better characteristics around velocity of the business, a better mix of business, and I think the product offerings, particularly in our upper end of the consumer categories with the XPS, notebooks and Alienware, have been a very helpful to us. And so we try to stay disciplined in that space. It's not a high profit pool market, but it's an important market from a scale perspective and also from a -- introducing the Dell brand to the consumer market. And ultimately, most consumers are also working in businesses, so we want to make sure we have a brand halo that works for us. So happy with that, more work to do on commercial desktop.",646
266017.0,"Dell Technologies Inc., Q3 2017 Earnings Call, Dec 08, 2016",2016-12-08,48.0,Earnings Calls,Dell Technologies Inc.,3433.0,1100026.0,45824646.0,Question,Thomas Egan,,Analysts,10,"Okay, that's very helpful. And then my follow-up is I'm going to ask this question, I know it's going to be hard to answer and it would be for either you, Tom, or Tyler. You talked a little bit about evaluation and a balanced approach to what you're going to use your free cash flow for. Could you maybe just give us a little bit more color in how you think about what plans are for free cash flow in terms of what you look to pay down? Since you made optional payments on the revolver, you made optional payments on the VMware stock, and I don't want to pin you down to a price on that. But how do you think about prioritization of where you want to pay down stuff? Is the plan that if the VMware stock hangs out where it's been hanging out, that you'll just take that down a little at a time, and at the same time, pay down some of your term loans? Or is it if the stock goes up to certain price, it's off limits and then you just go to pay down debt?",193
266017.0,"Dell Technologies Inc., Q3 2017 Earnings Call, Dec 08, 2016",2016-12-08,48.0,Earnings Calls,Dell Technologies Inc.,3433.0,1100026.0,45824647.0,Answer,Thomas Sweet,,Executives,11,"Tom, it's Tom Sweet. Let me start, and then I'll ask Tyler to jump in. So look, you're essentially asking a capital allocation question in terms of how do we think about where we're going to apply capital, and from our perspective, we've been pretty clear on this in terms of our primary focus is going to be delevering the balance sheet. That was our commitment to the market, that was our commitment to the analysts and I think it's the right commitment from a long-term positioning of the company. What you have seen us do, quite frankly, is be a bit opportunistic around that DVMT stock and where that's been trading on a relative discount to the VMware stock. And so if you were to think about it, we're going to keep our eye on that trading range, and you may see us from time to time introduce some share buyback, much like we did in Q3. But I don't want anybody to be confused about where the primary use of our capital and free cash flow is going to go, which is to delever the balance sheet over the near to intermediate term. And Tyler, I'd ask if you've got any other comments or any other thoughts you'd like to give Tom on that.",216
266017.0,"Dell Technologies Inc., Q3 2017 Earnings Call, Dec 08, 2016",2016-12-08,48.0,Earnings Calls,Dell Technologies Inc.,3433.0,1100026.0,45824648.0,Answer,Tyler Johnson,,Executives,12,"I mean, look, I think you pretty much summed it up. I mean, we think about how we acted following the OBO and really nothing has changed in that approach. And Tom, you nailed it when you talked about -- we do recognize there's good value there and we do want to take advantage of it. But if you look at -- even if you look at what we did in Q3, relatively modest in the scheme of things and -- as it relates to buying back the -- the price. The -- we were prudent in paying down the revolver, $1 billion there, because obviously that provides us -- not only do we delever, but it also provides us flexibility if we need to use that to fund short-term working capital needs. And as it relates to prioritization, I mean, we'll follow through as we complete the ECD asset sale. That will be swept to the remainder of the A1 and the A3 and then we'll focus on the next tranche. So I think it is fairly straightforward. I do think we've been pretty open in how we're doing this and I think we follow through on it.",199
266017.0,"Dell Technologies Inc., Q3 2017 Earnings Call, Dec 08, 2016",2016-12-08,48.0,Earnings Calls,Dell Technologies Inc.,3433.0,1100026.0,45824649.0,Question and Answer Operator Message,Operator,,Operator,13,You next question will come from the line of Arun Seshadri with Cr√©dit Suisse.,14
266017.0,"Dell Technologies Inc., Q3 2017 Earnings Call, Dec 08, 2016",2016-12-08,48.0,Earnings Calls,Dell Technologies Inc.,3433.0,1100026.0,45824650.0,Question,Arun  Seshadri,,Analysts,14,"Just a couple of from me. First, wanted to get a sense for -- I think you mentioned that on the mainstream PowerEdge side, demand was a little bit back-end loaded. So just trying to understand how is that looking post the quarter. And are you seeing some signs of strength? And if you could also comment on whether there's been any impact from Lenovo's recent efforts in terms of incentivizing their sales force and sort of doing things a little bit differently.",83
266017.0,"Dell Technologies Inc., Q3 2017 Earnings Call, Dec 08, 2016",2016-12-08,48.0,Earnings Calls,Dell Technologies Inc.,3433.0,1100026.0,45824651.0,Answer,Thomas Sweet,,Executives,15,"It's Tom, Arun. Let me take that and maybe David Goulden can offer some insights since he now owns that business and can give you his own perspective. So look, PowerEdge was a little -- was a bit back-end loaded. But there's no question that there are some dynamics happening within that server space as customers are evaluating the types of form factors they want to buy. And we are seeing shifts to some extent. I don't want to overstate that, but we are seeing -- beginning to see much more interest in hyper-converged where perhaps less of an interest in customers buying piece part versus a highly configured solution that's ready to go. And so our hyper-converged trajectory has taken off pretty remarkably over the last couple of quarters, which we think is not surprising given what we've talked about strategically around cloud native applications and data center modernizations to support some of the new applications and business models that are being driven. So it's an area of focus for us. We're going to continue to refine our server business model and we'll make the appropriate adjustments around cost structures, form factors and price points and feature sets dependent upon where we see the market going and -- but I think it's there's a bit of a headwind there. And you saw IDC come in with Q3 market growth, well, that was below expectations, and you've seen some of the other server competitors having a bit of headwinds in certain areas. And so I think it's an evolving market. From my perspective, we have not really seen much of an impact from Lenovo. You never want to underestimate a competitor and it's a tough competitive market, but we generally have not seen sort of anything unusual out there. I don't know, David, if you would add anything on that.",311
266017.0,"Dell Technologies Inc., Q3 2017 Earnings Call, Dec 08, 2016",2016-12-08,48.0,Earnings Calls,Dell Technologies Inc.,3433.0,1100026.0,45824652.0,Answer,David Goulden,,Executives,16,"Yes, thanks, Tom. Arun, yes, let me just add to that. So I think if you just step back and look at servers in general, as we said, it was the hyper-scale lumpiness that really was the bigger impact to the overall number than what was happening within PowerEdge, PowerEdge being on the mainstream. As Tom said, there's a shift going on and you kind of look at the growth areas. And cloud, both public and private, is a very big driver of server growth these days. Converged, particularly hyper-converged. And as Tom mentioned within a few weeks of closing the transaction, we actually had a new range of VxRail and VxRack converged -- hyper-converged systems powered by PowerEdge. We see software-defined everything driving server growth, so software-defined storage, software-defined networking, so we see some growth opportunities there. And also things like security where, again, with things like analytics and big data driving servers in that area. So we do see a shift going on. I think we're actually now better positioned to lean into that shift than we were before we came together. And as Tom said, the overall results is the transition that we're seeing in the marketplace right now. I think everybody is kind of in the same boat to a certain extent. I think we're actually executing quite well, particularly against our traditional competition.",228
266017.0,"Dell Technologies Inc., Q3 2017 Earnings Call, Dec 08, 2016",2016-12-08,48.0,Earnings Calls,Dell Technologies Inc.,3433.0,1100026.0,45824653.0,Question,Arun  Seshadri,,Analysts,17,"Okay, great. And then maybe a follow-up for David. As far as storage itself, the right way to think about this is with all the integration process and the various changes, maybe you have a couple of quarters of sort of year-over-year similar trends as you saw in this quarter and then really hopefully a pickup beyond that. Is that sort of the right way to think about the legacy EMC?",71
266017.0,"Dell Technologies Inc., Q3 2017 Earnings Call, Dec 08, 2016",2016-12-08,48.0,Earnings Calls,Dell Technologies Inc.,3433.0,1100026.0,45824654.0,Answer,David Goulden,,Executives,18,"Arun, yes, clearly, we did see some impacts in the quarter from coming together. Actually, I think we did a remarkably good job. For the prior few quarters, we're actually showing no impact, but obviously on the quarter you close a transaction like this, sellers get a little defocused, customers are asking a few more questions and we saw that through. What I would encourage you to do is not to read too much into the IDC data. I think that's the kind of data point people may be looking at for Q3 performance. Just to kind of clarify what happens there is IDC is counting everything, product, revenue, on a calendar quarter basis. Now obviously, with us closing the transaction and essentially going private, we significantly changed the way that we convert or don't convert orders into revenue at the end of the calendar quarter. So our results, which IDC reports, the revenue results were impacted by that additional factor, and then of course the things I mentioned, which was the impact of the transaction close, the integration process, and I think this caused a pause in our customer base. If you kind of look through that lens just one more level down, basically, the trend in growth rates for storage in all of our competitors are basically unchanged. And in fact, the entire change in market growth from Q2 to Q3 in external storage is really attributed to this pause we saw in the EMC customer base. So don't read too much into that. There's a few factors going in, but I think that the way you characterize it, Arun, is right. Obviously, we're going through a period of integration. We bring our sales forces together in fiscal '18, that will actually accelerate things once we complete the process, but in the VM term it will -- short term, it will cause a little bit of a pause for us. So we do see that happening. We think we're actually exceptionally well positioned from a portfolio point of view, but inevitably we've got a few moving parts here.",350
266017.0,"Dell Technologies Inc., Q3 2017 Earnings Call, Dec 08, 2016",2016-12-08,48.0,Earnings Calls,Dell Technologies Inc.,3433.0,1100026.0,45824655.0,Question and Answer Operator Message,Operator,,Operator,19,Your next question comes from the line of Frank Jarman with Goldman Sachs.,13
266017.0,"Dell Technologies Inc., Q3 2017 Earnings Call, Dec 08, 2016",2016-12-08,48.0,Earnings Calls,Dell Technologies Inc.,3433.0,1100026.0,45824656.0,Question,Franklin Jarman,,Analysts,20,"Great. I'm going to ask a question then Scott Wipperman will ask a follow-up, if that's good. So I wanted to focus -- you guys have provided a lot of color with regards to the top line stories, so thank you for that, but wanted to focus on the synergy story, which, in my view, is probably equally important. You've talked about the $2 billion of merger synergies that you're targeting by mid-March 2018 and then the $1 billion of stand-alone cost synergies that you've been executing at Dell and EMC. So can you guys just give us an update on where you stand with regards to the run rate? I know you're still early into the transaction, but obviously we'd like to get an update there.",127
266017.0,"Dell Technologies Inc., Q3 2017 Earnings Call, Dec 08, 2016",2016-12-08,48.0,Earnings Calls,Dell Technologies Inc.,3433.0,1100026.0,45824657.0,Answer,Thomas Sweet,,Executives,21,"It's Tom. So look, the simple story is that we're generally on track there, right? So been very focused on that. The leadership's behind it. Actions are happening. And so while I'm not going to parse it for you, I would tell you that we're generally on track with where we thought we would be at this stage. So I think good progress there even as we're balancing, making sure that as we integrate these businesses that the synergy actions that we're driving are not disruptive to the overall value creation story that we're focused on.",97
266017.0,"Dell Technologies Inc., Q3 2017 Earnings Call, Dec 08, 2016",2016-12-08,48.0,Earnings Calls,Dell Technologies Inc.,3433.0,1100026.0,45824658.0,Question,Franklin Jarman,,Analysts,22,"So as I think about that, that $1 billion that obviously is sort of more near term, I mean, should we think of that as effectively already reflected in the numbers? How much should we expect with regards to a tailwind in 2017?",43
266017.0,"Dell Technologies Inc., Q3 2017 Earnings Call, Dec 08, 2016",2016-12-08,48.0,Earnings Calls,Dell Technologies Inc.,3433.0,1100026.0,45824659.0,Answer,Thomas Sweet,,Executives,23,"Well, look, we don't give guidance. So let me start with that, and it's not reflected in the numbers at this stage given that some of these synergy actions that are scheduled to happen now between -- have started to happen and will continue to happen over the next -- between now and the next 8 to 12 months. So it's going to -- it'll feather in during 2017, but you aren't seeing a fair amount of the actions flow through at this point.",84
266017.0,"Dell Technologies Inc., Q3 2017 Earnings Call, Dec 08, 2016",2016-12-08,48.0,Earnings Calls,Dell Technologies Inc.,3433.0,1100026.0,45824660.0,Answer,David Goulden,,Executives,24,"Tom, I think the question was actually to do with the $1 billion of synergies in the baseline.",18
266017.0,"Dell Technologies Inc., Q3 2017 Earnings Call, Dec 08, 2016",2016-12-08,48.0,Earnings Calls,Dell Technologies Inc.,3433.0,1100026.0,45824661.0,Answer,Thomas Sweet,,Executives,25,"Oh, yes, yes, yes. Sorry.",5
266017.0,"Dell Technologies Inc., Q3 2017 Earnings Call, Dec 08, 2016",2016-12-08,48.0,Earnings Calls,Dell Technologies Inc.,3433.0,1100026.0,45824662.0,Answer,David Goulden,,Executives,26,[indiscernible] the $2 billion of future synergies.,7
266017.0,"Dell Technologies Inc., Q3 2017 Earnings Call, Dec 08, 2016",2016-12-08,48.0,Earnings Calls,Dell Technologies Inc.,3433.0,1100026.0,45824663.0,Answer,Thomas Sweet,,Executives,27,"Yes, on the ones that are already that are the stand-alone synergies, I should say, I mean, those have been actions and are flowing through the P&L. So it's hard to see it because, I mean, you've got so many unusual items flowing through the P&L right now. It's a tough read, so to speak, but those are on track. So I apologize, I misunderstood your question.",67
266017.0,"Dell Technologies Inc., Q3 2017 Earnings Call, Dec 08, 2016",2016-12-08,48.0,Earnings Calls,Dell Technologies Inc.,3433.0,1100026.0,45824664.0,Question,Scott Wipperman,,Analysts,28,"This is Scott Wipperman. This is a follow-up to Frank's question. Can you maybe just talk, somewhat related, but on the working capital performance and how we should be thinking about that as you proceed with the integration? Particularly, where are you in terms of getting the EMC business on the Dell supplier and payment terms and how should we be kind of thinking about that process over the next couple of quarters?",73
266017.0,"Dell Technologies Inc., Q3 2017 Earnings Call, Dec 08, 2016",2016-12-08,48.0,Earnings Calls,Dell Technologies Inc.,3433.0,1100026.0,45824665.0,Answer,Thomas Sweet,,Executives,29,"Look, I think we made good progress there. Tyler, why don't you -- perhaps you can take this question since you're the guy that has to run this for me. So why don't you take...",35
266017.0,"Dell Technologies Inc., Q3 2017 Earnings Call, Dec 08, 2016",2016-12-08,48.0,Earnings Calls,Dell Technologies Inc.,3433.0,1100026.0,45824666.0,Answer,Tyler Johnson,,Executives,30,"I can do that. Yes, look, hey, Scott, it's -- look, we're making great progress on that. I mean, it was really a process that we had -- that we kicked off prior to close in terms of just kind of getting everything positioned and then we were able to work and implement very quickly. So some of this is going to gradually come in. You'll see some benefit in Q4 and then some probably over the course of Q1, Q2. But I would say in terms of everything we were trying to achieve, we're well on target.",98
266017.0,"Dell Technologies Inc., Q3 2017 Earnings Call, Dec 08, 2016",2016-12-08,48.0,Earnings Calls,Dell Technologies Inc.,3433.0,1100026.0,45824667.0,Question and Answer Operator Message,Operator,,Operator,31,Your next question comes from the line of Jeff Harlib with Barclays.,12
266017.0,"Dell Technologies Inc., Q3 2017 Earnings Call, Dec 08, 2016",2016-12-08,48.0,Earnings Calls,Dell Technologies Inc.,3433.0,1100026.0,45824668.0,Question,Jeffrey Harlib,,Analysts,32,"First, I was wondering if you would break out the Dell legacy, either Storage or ISG revenues. And then just on EMC, can you just talk a little more about where you're seeing with a lot of the new products, the new emerging storage solutions as well as the declines in traditional overall? In the past, you talked about some increased in unshipped orders, deferring revenues. How are you looking at orders in backlog?",74
266017.0,"Dell Technologies Inc., Q3 2017 Earnings Call, Dec 08, 2016",2016-12-08,48.0,Earnings Calls,Dell Technologies Inc.,3433.0,1100026.0,45824669.0,Answer,Thomas Sweet,,Executives,33,"Jeff, let me take the first question, then I'll ask David to take the -- how are we seeing from the new Storage platforms and products. So look, we're not going to break out legacy form factors and platforms on a go-forward basis, so I'm going to decline to do that. I will tell you I do want to make sure everybody understands the nuances in the business model as we go forward, and then David can jump in and take the form factors. But what we have asked the leadership team to do, particularly David, is given the fact that they're converting from a calendar to a fiscal quarter, is that we're running the model from a cash efficiency perspective in many respects. And so David alluded to it around the end of the natural calendar quarter that our guidance to that team was, look, I don't want to burn working capital to drive shipments out on a September 30 date, unless a customer needs it, that could otherwise naturally ship the first couple of weeks of October and therefore be able to fulfill that order in a timely fashion, but in a more efficient and cost-effective fashion. And so you are going to see us continue to evolve the business models in areas like that, but that's just more from a cash efficiency perspective even as we transition from a calendar to a fiscal quarter. So David, you want to jump in and talk a little bit about what you're seeing on some of the Storage dynamics that are going on right now?",265
266017.0,"Dell Technologies Inc., Q3 2017 Earnings Call, Dec 08, 2016",2016-12-08,48.0,Earnings Calls,Dell Technologies Inc.,3433.0,1100026.0,45824670.0,Answer,David Goulden,,Executives,34,"Yes, thanks, Tom. Jeff, absolutely. You asked about the legacy Dell Storage in part of your question there. The SC Series actually did very nicely during the quarter. They actually gained share, very important because we have 2 very strong platforms in the mid-tier, Unity from ex-EMC, SC from ex-Dell, and good news is that we're committed in building out both of them as they're kind of both early in the new product [ph] cycle for both platforms. So that was good. We did some cross integration with some of the EMC technologies for the SC customers. Relative to the bigger picture, the trends that we talked about for prior periods really are holding strong. In Storage, the bigger shift, particularly for the higher end, is the move to all-flash systems. And for the calendar quarter, as I mentioned in our prepared remarks, our demand or bookings for the all-flash portfolio on the legacy EMC side were in the very high double-digit growth, and we had a nearly $2.5 billion run rate for those all-flash platforms, which is more than 2x our closest competitor. And we continue to convert other things to all-flash. So you've heard us at Dell EMC World introduce an all-flash version of our Isilon scale-out file system. That will start shipping next year. So the whole portfolio is shifting to all-flash and all-flash is growing exceptionally well. In fact, even though we're 2 and sometimes 3 and 4x bigger than our competitors, we're actually growing at pretty similar rate, which is really quite impressive. And then the other thing that's being important on the ex-EMC side is this move to converged and hyper-converged, which continues to go exceptionally well. And as I mentioned on the hyper-converged side, we can now bring together solutions that are entirely Dell Technologies' IP and that's one of the real benefits. We saw both the VxRail is doing exceptionally well, but also the Dell XC Series growing triple digits. So to answer your question, I think the things we will be focused upon from a growth point of view continue to do as well, in some cases, better than they did before we came together.",364
266017.0,"Dell Technologies Inc., Q3 2017 Earnings Call, Dec 08, 2016",2016-12-08,48.0,Earnings Calls,Dell Technologies Inc.,3433.0,1100026.0,45824671.0,Question,Jeffrey Harlib,,Analysts,35,"Okay, great. And just my follow-up, the Client Solutions operating margin was extremely strong, and I'm just wondering what drove that, and how higher DRAM prices may affect your margin or ability to increase prices, et cetera.",37
266017.0,"Dell Technologies Inc., Q3 2017 Earnings Call, Dec 08, 2016",2016-12-08,48.0,Earnings Calls,Dell Technologies Inc.,3433.0,1100026.0,45824672.0,Answer,Thomas Sweet,,Executives,36,"Jeff, look, I mean I thought the CSG business had just an extraordinarily strong quarter and I thought they did a nice job on pricing discipline. I thought that in terms of execution of the business model, in terms of attach and positioning within the market, they did a nice job. The cost environment clearly was helpful in the sense of some of the component cost dynamics within the quarter. And so my comment to you, Jeff, is that we have generally talked about that operating margin in that business generally being targeted to sort of run in that approximate 5% sort of op inc [ph] range, and I think over the long term that's where you see that business. So I do think it was a little bit above what our expectations were in terms of profitability, but obviously, we're going to take that. That was driven -- so that favorability was generally driven by component costs, the pricing, the ability not to price that all the way through. And we also had that vendor settlement. So I don't want to gloss over that, we did have that vendor settlement that helped with -- related to some past activity. As we think about the environment going forward from a cost perspective, there are some dynamics happening and we are seeing some pressures around certain cost component items. I mean, I think the real question is, is that as we get cost pressure, can we adjust the pricing activities to -- in our cost models to ensure that we uphold the margins? And so that's our job. That's our activity that we're focused on. And so while we might have some fluctuations, I do think that we'll adjust our pricing appropriately to take into account any of the cost dynamics that we're seeing in the marketplace. And I think that cost environment will, over the next couple of quarters, will be a bit more challenging, I think.",327
266017.0,"Dell Technologies Inc., Q3 2017 Earnings Call, Dec 08, 2016",2016-12-08,48.0,Earnings Calls,Dell Technologies Inc.,3433.0,1100026.0,45824673.0,Question and Answer Operator Message,Operator,,Operator,37,Your next question comes from the line of Wamsi Mohan with Bank of America Merrill Lynch.,16
266017.0,"Dell Technologies Inc., Q3 2017 Earnings Call, Dec 08, 2016",2016-12-08,48.0,Earnings Calls,Dell Technologies Inc.,3433.0,1100026.0,45824674.0,Question,Wamsi Mohan,,Analysts,38,"And congrats on getting through the first quarter here of combined Dell EMC. So 2 questions. One on the Client side, how are you viewing market growth outlook into 2017? And can you maybe share some of your view on how the current levels of channel inventory are? There was some talk that 3Q had some uptick. And then on the Storage side, David, I think you mentioned -- actually on Service, I think you mentioned hyper-scale lumpiness. Any color on regionally where you saw that? And you think we're going to see a couple of quarters of pause here? Or was it just episodic from a large customer or 2?",111
266017.0,"Dell Technologies Inc., Q3 2017 Earnings Call, Dec 08, 2016",2016-12-08,48.0,Earnings Calls,Dell Technologies Inc.,3433.0,1100026.0,45824675.0,Answer,Thomas Sweet,,Executives,39,"Wamsi, would you repeat the first part of that question for me, please, on the Client?",16
266017.0,"Dell Technologies Inc., Q3 2017 Earnings Call, Dec 08, 2016",2016-12-08,48.0,Earnings Calls,Dell Technologies Inc.,3433.0,1100026.0,45824676.0,Question,Wamsi Mohan,,Analysts,40,"Yes, no problem. I was just wondering how you're viewing the market outlook into 2017 on the Client side and what your view is on the current level of channel inventory. I think there was some concern that 3Q saw an uptick in channel inventory. So just wanted to get your thoughts around that.",54
266017.0,"Dell Technologies Inc., Q3 2017 Earnings Call, Dec 08, 2016",2016-12-08,48.0,Earnings Calls,Dell Technologies Inc.,3433.0,1100026.0,45824677.0,Answer,Thomas Sweet,,Executives,41,"Yes, look, I think IDC would tell you that market next year is supposed to be roughly a minus 2 market. That seems relatively consistent with what we're hearing from our supply base at this point in time. Obviously, our focus is always on growing faster than the market, but I think what you're seeing is a gradual improvement in the PC market after hitting the trough, if you will, last year, and we're beginning to see a better PC market in the second half of this year than the first half. I think that trend continues on a marginal basis, if you will, next year. So our focus again is always going to be on outperforming the market and continuing to take share in the commercial space even as we grow our footprint. From a channel inventory perspective -- and by the way, the other thing you should think about next year is that we've had lots of conversations and you folks have asked a number of times around how do we think about Win 10 and what's the dynamic out there with some of the new processors that are coming online. We are long-term bullish on Win 10, but I think our expectations on when we might see a refresh cycle are probably a bit more muted and probably more towards the second half of next year than the first half, given everything we're seeing. There is lots of interest with lots of commercial customers doing pilots and thinking their way through implementation strategies there, but we haven't actually seen -- or we've been able to attribute, I should say, significant buying patterns changes as a result of Win 10 at this point in time. The industry continues to consolidate, and I think IDC would report that the top 3 vendors had something like 59% shares at the end of Q3. We expect that consolidation trend to continue, which I think is helpful for us and perhaps some of our larger competitors. So look, I mean, I think the dynamics that are setting up for next year look a lot like the end of this year, and it's up to us to just go execute to that marketplace. From a channel inventory perspective, maybe some increase in channel inventory, some sell-in by certain competitors into the -- in Q3. Some of that, as you know, would be normal sell-in related to the holiday season. Others of that are perhaps sell-in on certain lower-value mobility products. From our own perspective, our channel inventories are right in line with where we run them historically. And so we're focused on executing our business model. So that'd be my comments on the Client, and then, David, maybe you can talk about the hyper.",461
266017.0,"Dell Technologies Inc., Q3 2017 Earnings Call, Dec 08, 2016",2016-12-08,48.0,Earnings Calls,Dell Technologies Inc.,3433.0,1100026.0,45824678.0,Answer,David Goulden,,Executives,42,"Yes, Wamsi, I think you -- hyper-scale, I think you mentioned Storage. I'm sure you mentioned Server. The hyper-scale business, by definition, because you're selling to a relatively small number of well-known household names, has this lumpy factor and there was a big boost from that segment last quarter, so it's not surprising to see a pause from that segment this quarter. I think we're going to see that kind of on/off-type spending occurring for the foreseeable future. In terms of geo focus, so I think people know who these hyper players are. Most of them are in the North American marketplace, but there are some people in that category in Asia and China. So the impact would really follow the geo mix of those players, which is still biased more heavily to North America than the other segments.",139
266017.0,"Dell Technologies Inc., Q3 2017 Earnings Call, Dec 08, 2016",2016-12-08,48.0,Earnings Calls,Dell Technologies Inc.,3433.0,1100026.0,45824679.0,Question and Answer Operator Message,Operator,,Operator,43,We'll take our final question from the line of Jason Kilgariff with Bank of America.,16
266017.0,"Dell Technologies Inc., Q3 2017 Earnings Call, Dec 08, 2016",2016-12-08,48.0,Earnings Calls,Dell Technologies Inc.,3433.0,1100026.0,45824680.0,Question,Jason Kilgariff,,Analysts,44,"Unfortunately, the only one left on my list is a tough one, and I think actions speaks larger than words but I'll start out there anyway. Michael Dell was interviewed on Bloomberg Television in the quarter and made a comment about Dell being part of further consolidation in the IT industry. And I don't think anyone was surprised by that per se, but I think his follow-up comment that you guys currently have the financial capacity to make that happen took me a little bit by surprise. So I'd be curious to hear your thoughts on that and maybe how we should think about that relative to the commitment to debt pay-down.",112
266017.0,"Dell Technologies Inc., Q3 2017 Earnings Call, Dec 08, 2016",2016-12-08,48.0,Earnings Calls,Dell Technologies Inc.,3433.0,1100026.0,45824681.0,Answer,Thomas Sweet,,Executives,45,"Yes, look, I think what you heard Michael really talk about is the fact that we continue to be mindful of what's happening in the industry right now, and there is a long-term consolidation trend happening. There is no doubt. It's evidenced by what we're talking about today. Look, from a financial capacity perspective, that's a combination of -- I haven't specifically talked to him about that comment. But from my perspective, we have an ownership structure that if there was an opportunity out there that makes sense to us, if there's incremental equity available to us from a leverage perspective and a debt perspective -- it's not our intent to lever the balance sheet, but if something ever were to come up that -- there is more leverage available out there in the market. It comes at a cost and you have to think about your long-term leverage ratings -- or credit ratings. But look, I mean, we're focused right now in executing the integration that we have on hand and we -- that's a multiyear journey given the size and complexity of that, and we've got to do that in way that is focused on our customers and ensuring that we deliver the right capabilities and services to our customers. And so I'll leave it at that, but I should just -- you guys should -- I think what Michael said is pretty consistent with what Michael said in the past, which is he's going to continue to be interested in what's happening in the market as evidenced by what we've done the last few years.",268
266017.0,"Dell Technologies Inc., Q3 2017 Earnings Call, Dec 08, 2016",2016-12-08,48.0,Earnings Calls,Dell Technologies Inc.,3433.0,1100026.0,45824682.0,Answer,Robert Williams,,Executives,46,"Thanks, Jason. That's going to wrap the call today. The Investor Relations team will be available for follow-up today and tomorrow and next week, so please give us a ring if you need some additional follow-up. And we will be at the Consumer Electronics Show in January, so hope to see several of you there. Thanks.",56
266017.0,"Dell Technologies Inc., Q3 2017 Earnings Call, Dec 08, 2016",2016-12-08,48.0,Earnings Calls,Dell Technologies Inc.,3433.0,1100026.0,45824683.0,Question and Answer Operator Message,Operator,,Operator,47,This concludes today's conference call. We appreciate your participation. You may disconnect at this time.,16
